id,difficulty,category,question,ground_truth,block,theme,answer,latency,success,error
1,Easy,Keywords,"If I attack with a creature with [[Lifelink]] and my opponent blocks with a 1/1, do I still gain life equal to my creature's power?","Yes. Lifelink causes you to gain life equal to the damage dealt. Even if the blocker has only 1 toughness, your creature deals damage equal to its full power during the combat damage step.",1,Combat & Basic Keywords,"You gain life equal to the damage dealt to the blocking creature, which in this case is 1 life.",11.262791633605957,True,
2,Easy,Keywords,Can a creature with [[Flying]] be blocked by a creature with [[Reach]]?,Yes. Reach is a keyword specifically designed to allow creatures to block attackers with Flying as if the blocker also had Flying.,1,Combat & Basic Keywords,"Yes, a creature with flying can indeed be blocked by a creature with reach.",11.765374183654785,True,
3,Easy,Keywords,"If my creature has [[Vigilance]], does it still tap to activate an ability with the {T} symbol after it has attacked?","Yes. Vigilance means the creature does not tap to attack. Since it remains untapped after the declare attackers step, it is available to be tapped for other abilities later.",1,Combat & Basic Keywords,"Yes, a creature with vigilance can still tap to activate an ability with the {T} symbol after it has attacked, as it remains untapped due to its vigilance ability.",10.822345972061157,True,
4,Easy,Keywords,Does [[Ward 2]] counter a spell if the opponent doesn't pay the {2} mana?,"Yes. Ward is a triggered ability. When the creature becomes the target of a spell or ability an opponent controls, that spell/ability is countered unless the player pays the cost.",1,Combat & Basic Keywords,"If the opponent does not pay the {2} mana when a spell targets a creature with ward, that spell is countered.",10.538496971130371,True,
5,Medium,Keywords,"If I attack with a creature with [[Deathtouch]] and [[Trample]], and it is blocked, how much damage do I need to assign to the blocker?","You only need to assign 1 point of damage to the blocker. Because of Deathtouch, any amount of damage is considered lethal. The rest of the damage can 'trample' over to the defending player.",1,Combat & Basic Keywords,"You must assign at least 1 damage to the blocking creature due to deathtouch, and any excess damage can be assigned to the defending player or planeswalker.",11.317105770111084,True,
6,Easy,Keywords,Can a creature with [[Haste]] activate an ability with a {T} symbol the turn it comes into play?,Yes. Haste removes the restriction that prevents a creature from attacking or using tap abilities until you have controlled it since the beginning of your most recent turn.,1,Combat & Basic Keywords,"Yes, a creature with Haste can activate an ability with a {T} symbol the turn it comes into play.",9.415885925292969,True,
7,Medium,Turn Structure,Can I cast a creature spell during my opponent's end step if it does not have [[Flash]]?,"No. Without Flash, creatures can only be cast during your own main phases when the stack is empty.",1,Combat & Basic Keywords,You cannot cast a creature spell during your opponent's end step if it does not have Flash.,7.070969104766846,True,
8,Easy,Keywords,"If my creature has [[First Strike]] and my opponent's creature doesn't, and my creature's power is enough to kill theirs, does my creature take any damage?","No. Your creature deals damage in the first strike damage step. If the opponent's creature dies there, it won't be around to deal damage in the regular combat damage step.",1,Combat & Basic Keywords,"Thus, your creature will not take any damage in this scenario, as it destroys the opponent's creature before it has the opportunity to deal damage.",11.906598806381226,True,
9,Medium,Keywords,"If a creature has [[Indestructible]], does it die if its toughness is reduced to 0 by an effect like [[Toxic Deluge]]?","Yes. Indestructible only prevents destruction (from damage or 'destroy' effects). Having 0 toughness is a state-based action that puts the creature into the graveyard, which is not destruction.",1,Combat & Basic Keywords,A creature with indestructible does not die if its toughness is reduced to 0 by an effect like Toxic Deluge; it remains on the battlefield.,8.819397211074829,True,
10,Easy,Keywords,"If I have [[Double Strike]], do I get two triggers for an ability that says 'Whenever this creature deals combat damage'?","Yes. The creature deals damage in two separate steps (first strike and regular), so the ability will trigger twice, once for each time it deals damage.",1,Combat & Basic Keywords,"Thus, if you have a creature with double strike, you will receive two triggers for an ability that says ""Whenever this creature deals combat damage.""",10.624730825424194,True,
11,Medium,Stack,"I cast [[Lightning Bolt]] on my opponent's 3/3. In response, they cast a spell to give it +1/+1. Does the creature die?","No. The stack is 'Last-In, First-Out'. The +1/+1 spell resolves first, making the creature a 4/4. Then the Bolt deals 3 damage, which is no longer enough to kill it.",2,The Stack & Spell Interaction,The creature does not die; it remains on the battlefield with 3 damage marked on it.,7.754200220108032,True,
12,Medium,Stack,"If I cast a spell and my opponent casts [[Counterspell]], and then I cast another [[Counterspell]] targeting theirs, does my original spell resolve?","Yes. Your Counterspell resolves first, removing the opponent's Counterspell from the stack. Then, your original spell is next on the stack and will resolve normally.",2,The Stack & Spell Interaction,"Your original spell does indeed resolve successfully, as your second [[Counterspell]] countered the first [[Counterspell]] targeting it.",9.417813777923584,True,
13,Hard,Axioms / Stack,I activate [[The One Ring]] to draw cards. My opponent casts [[Vandalblast]] to destroy it in response. Do I still draw the cards?,"Yes. Once an ability is on the stack, it is independent of its source (Axiom 3). The ability will resolve using Last Known Information (LKI) about the counters on the Ring.",2,The Stack & Spell Interaction,"You will still draw the cards from The One Ring's ability, as it resolves independently of the Vandalblast targeting it.",11.058704853057861,True,
14,Medium,Triggers,"My opponent has [[Sheoldred, the Apocalypse]]. I cast [[Brainstorm]]. When do I lose the 6 life?","You lose the life after Brainstorm finishes resolving. Each card drawn triggers Sheoldred, but those triggers wait until the current spell is completely finished before being put on the stack.",2,The Stack & Spell Interaction,"You will lose 6 life from your opponent's triggers after you resolve **Brainstorm**, but you will gain 6 life simultaneously, resulting in no net change to your life total.",10.162643432617188,True,
15,Medium,Targets,Can I cast [[Fatal Push]] on a creature with [[Protection from Black]]?,"No. Protection prevents targeting. Since Fatal Push requires a 'target creature', a creature with protection from black is not a legal target for it.",2,The Stack & Spell Interaction,"You cannot cast Fatal Push on a creature with Protection from Black, as the protection prevents it from being targeted by the spell.",8.344634771347046,True,
16,Hard,Axioms / LKI,"I sacrifice [[Manglehorn]] to its own ability to destroy an artifact. If Manglehorn is in the graveyard, does the ability still work?",Yes. Abilities on the stack do not care if the source is still on the battlefield. The ability will resolve and destroy the targeted artifact.,2,The Stack & Spell Interaction,"Yes, you may sacrifice Manglehorn to its own ability, and the ability will still work, allowing you to destroy the target artifact.",8.387659549713135,True,
17,Medium,Stack,"If I cast a spell with [[Split Second]], can my opponent activate a mana ability in response?",Yes. Split Second prevents spells and non-mana abilities from being activated. Mana abilities (like tapping a land) do not use the stack and can still be used.,2,The Stack & Spell Interaction,"Your opponent may activate a mana ability in response to a spell with split second, but they cannot cast other spells or activate non-mana abilities until that spell resolves.",8.364045858383179,True,
18,Hard,Triggers,"I control [[Elesh Norn, Mother of Machines]] and an opponent's creature with an ETB ability enters the battlefield. Does it trigger?",No. Elesh Norn's second ability specifically states that permanents entering the battlefield don't cause abilities of permanents your opponents control to trigger.,2,The Stack & Spell Interaction,"The opponent's creature with an ETB ability does not trigger when it enters the battlefield while you control Elesh Norn, Mother of Machines.",8.32440996170044,True,
19,Medium,Stack,What happens if a spell on the stack has its only target removed before it resolves?,"The spell is 'fizzled' (removed from the stack by the game rules). None of its effects happen, not even the ones that don't depend on the target (like drawing a card).",2,The Stack & Spell Interaction,"If a spell on the stack has its only target removed before it resolves, the spell does not resolve and is put into its owner's graveyard.",7.522443771362305,True,
20,Hard,Costs,"If I have [[Thalia, Guardian of Thraben]] and I want to cast a spell for its [[Overload]] cost, do I still pay the extra {1}?","Yes. First you choose the base cost (Overload), then you apply any cost increases (Thalia), then any cost reductions. The {1} tax from Thalia is added to the Overload cost.",2,The Stack & Spell Interaction,"You must pay the extra {1} when casting a spell for its Overload cost while Thalia, Guardian of Thraben, is on the battlefield.",9.216253757476807,True,
21,Medium,Targets,"I cast [[Decimate]] targeting four legal targets. In response, my opponent hexproofs one of them. Does the spell still resolve?","Yes. A spell with multiple targets only fails to resolve if ALL of its targets become illegal. Since three targets are still legal, Decimate will destroy those three.",3,Targets & Triggers,"Decimate does not resolve because one of its targets became illegal due to hexproof, resulting in the spell being removed from the stack and sent to the graveyard.",9.247926473617554,True,
22,Easy,Keywords,Can I target a creature with [[Protection from Black]] using an ability from a black artifact?,"No. Protection from black prevents the creature from being Targeted, Enchanted/Equipped, Blocked, or Damaged (DEBT) by anything black, regardless of whether it is an artifact or a spell.",3,Targets & Triggers,"You cannot target a creature with protection from black using an ability from a black artifact, as the protection prevents it from being a legal target.",9.609881401062012,True,
23,Medium,Stack,"If I cast [[Ancestral Recall]] and my opponent responds with [[Misdirection]], can they make me draw the cards instead of them?","No. Ancestral Recall targets a 'player'. Misdirection can change the target to any legal player. Your opponent can choose themselves as the target, making them draw the cards.",3,Targets & Triggers,"Yes, your opponent can use Misdirection to make you draw the cards from Ancestral Recall instead of themselves.",8.782782077789307,True,
24,Hard,Copying,"I cast [[Fork]] targeting my opponent's [[Lightning Bolt]]. If the original Bolt is countered, what happens to the Fork?",Fork will fail to resolve (fizzle) because its only target (the Bolt on the stack) is no longer there. You do not get a copy of the spell.,3,Targets & Triggers,"Thus, when Fork resolves, it will create a copy of Lightning Bolt, but that copy will fail to have any legal targets and will not deal any damage.",10.178627252578735,True,
25,Medium,Flash,Can I cast a creature with [[Flash]] in response to my opponent's land play?,"No. Playing a land is a special action that does not use the stack. You do not receive priority while a land is being played, only after it has entered the battlefield.",3,Targets & Triggers,"You cannot cast a creature with Flash in response to your opponent's land play, as playing a land is a special action that does not use the stack and cannot be responded to.",7.915707588195801,True,
26,Easy,Keywords,"If my creature has [[Haste]], can I use an ability with the tap symbol the same turn it enters?",Yes. Haste allows a creature to attack and to use abilities with the tap or untap symbol even if you haven't controlled it since the beginning of your most recent turn.,3,Targets & Triggers,"Yes, if your creature has Haste, you can use an ability with the tap symbol the same turn it enters the battlefield.",8.54254412651062,True,
27,Hard,Replacement Effects,I have [[Hardened Scales]] in play and I cast a creature that enters with two +1/+1 counters. How many counters does it actually get?,It enters with three counters. Hardened Scales is a replacement effect that modifies the event of 'placing one or more counters' by adding one additional counter.,3,Targets & Triggers,The creature enters the battlefield with three +1/+1 counters due to the effect of Hardened Scales.,7.24396538734436,True,
28,Medium,Costs,"If I cast a spell for its [[Flashback]] cost, where does it go after it leaves the stack?","It is exiled. The Flashback keyword explicitly states that if the spell would leave the stack, it is exiled instead of going anywhere else.",3,Targets & Triggers,"Therefore, when you cast a spell for its flashback cost, it is exiled after it leaves the stack, regardless of whether it resolves or is countered.",11.018905401229858,True,
29,Medium,Combat,"I block a 5/5 creature with a 1/1. Before damage, I use [[Ninjustu]] to return the 1/1 to my hand. What happens to the 5/5?","The 5/5 is still considered 'blocked'. Unless it has Trample, it will deal no combat damage to the defending player, as it has no creature to assign damage to.",3,Targets & Triggers,"The 5/5 creature does not deal any combat damage because it is blocked by a creature that has been returned to your hand, resulting in no damage being assigned.",11.458937644958496,True,
30,Hard,Triggers,"I have [[Elesh Norn, Mother of Machines]] and my opponent plays a [[Ravenous Chupacabra]]. Does its ability trigger?",No. Elesh Norn's static ability prevents permanents entering the battlefield from causing abilities of permanents your opponents control to trigger.,3,Targets & Triggers,"Ravenous Chupacabra's ability does not trigger when it enters the battlefield due to Elesh Norn, Mother of Machines preventing abilities of permanents your opponents control from triggering.",9.50592851638794,True,
31,Easy,Mana,"If I tap a [[Llanowar Elves]] for mana, does it count as playing a land?",No. Tapping a creature for mana is an activated ability that adds mana to your mana pool. It is not the same as the special action of playing a land card.,4,Resources & Mana,Tapping Llanowar Elves for mana does not count as playing a land.,8.254683017730713,True,
32,Medium,Land Types,Can I search for a [[Stomping Ground]] if I use a fetch land like [[Wooded Foothills]]?,"Yes. Wooded Foothills searches for a Forest or a Mountain. Since Stomping Ground has both the 'Forest' and 'Mountain' subtypes, it is a legal target.",4,Resources & Mana,"You may indeed search for a **Stomping Ground** using **Wooded Foothills**, as it qualifies under the search criteria of being a Mountain or Forest.",8.355158567428589,True,
33,Easy,Mana,Does mana stay in my pool if I move from my First Main Phase to my Combat Phase?,"No. As each step or phase ends, any unspent mana is lost from your mana pool unless an effect specifically says otherwise.",4,Resources & Mana,"Consequently, any unspent mana in your mana pool will not remain when you transition from your First Main Phase to your Combat Phase; it will be emptied.",9.14456558227539,True,
34,Hard,Layers,My opponent has [[Dryad of the Ilysian Grove]]. I play [[Blood Moon]]. Do their lands still tap for any color?,"No. Blood Moon and Dryad both apply in Layer 4. Blood Moon has a later timestamp (if played after) or creates a dependency. The lands become Mountains and lose all other abilities, including the one granted by the Dryad.",4,Resources & Mana,"Your opponent's lands still tap for any color of mana, as they retain the abilities granted by **Dryad of the Ilysian Grove** despite being turned into Mountains by **Blood Moon**.",8.592963933944702,True,
35,Medium,Costs,"If I have [[Thalia, Guardian of Thraben]] in play, does it make my own [[Sol Ring]] cost 2 mana?","Yes. Thalia affects 'noncreature spells' cast by any player, including you. Sol Ring is an artifact (noncreature), so its cost is increased by 1.",4,Resources & Mana,"Therefore, with Thalia, Guardian of Thraben in play, casting Sol Ring will indeed cost you {2} mana.",7.493300676345825,True,
36,Easy,Lands,Can I play a land on my opponent's turn if it has [[Flash]]?,"No. Lands are never cast; they are played. You can only play a land during your own main phase when the stack is empty, regardless of Flash.",4,Resources & Mana,"You cannot play a land on your opponent's turn, even if you have a creature with Flash; lands can only be played during your own turn.",8.331652164459229,True,
37,Hard,Replacement Effects,"If I control [[Blood Moon]] and my opponent plays a [[City of Brass]], does the City deal 1 damage to them when tapped?",No. Blood Moon removes all printed abilities from nonbasic lands. The City of Brass is now just a Mountain with the ability '{T}: Add {R}'. Its triggered damage ability no longer exists.,4,Resources & Mana,"Therefore, when your opponent taps City of Brass while you control Blood Moon, it indeed deals 1 damage to them.",10.536728382110596,True,
38,Medium,Legendary Rule,I have a [[Mox Amber]] in play and I cast another one. What happens?,The Legend Rule applies. You must choose one to keep and put the other into its owner's graveyard as a state-based action. This does not count as destruction.,4,Resources & Mana,"The second Mox Amber is put into the graveyard due to the legendary rule, as you already control one with the same name.",7.301865577697754,True,
39,Easy,Mana,"If a spell costs {2}{G} and I have [[Trinisphere]], how much mana must I pay?","You pay 3 mana ({2}{G}). Trinisphere checks if the total cost is at least 3 mana. Since 2+1=3, Trinisphere does not increase the cost further.",4,Resources & Mana,"You must pay a total of three mana to cast the spell, regardless of its original cost of {2}{G}.",8.998860359191895,True,
40,Hard,Axioms / Sagas,I play [[Urza's Saga]] and my opponent has [[Strict Proctor]] in play. What happens to the Saga?,"The Saga enters the battlefield. Its Chapter I ability is a triggered ability. Strict Proctor triggers, and if you don't pay {2}, the Chapter I ability is countered. The Saga stays in play with 1 lore counter but no abilities gained from Chapter I.",4,Resources & Mana,"Urza's Saga enters the battlefield, but if you do not pay {2} to counter the triggered ability, it will not gain a second lore counter and will remain on the battlefield with only 1 lore counter, thus not being sacrificed.",9.849421739578247,True,
41,Medium,SBA,"If I have 0 or less life but I control [[Platinum Angel]], do I lose the game?",No. Platinum Angel's static ability creates a continuous effect that stops the state-based action of losing for having 0 life. You continue playing until the Angel leaves the battlefield.,5,State-Based Actions (SBA),"You do not lose the game while controlling Platinum Angel, even if your life total is 0 or less.",9.108094930648804,True,
42,Hard,SBA,I have 1 life and my opponent casts [[Lightning Helix]] on me. I respond with [[Stifle]] on the 'gain 3 life' part. Can I do that?,"No. Lightning Helix is a single spell, not a triggered ability. Stifle only targets activated or triggered abilities. The damage and life gain happen during the spell's resolution, not as separate triggers.",5,State-Based Actions (SBA),You cannot prevent the loss of the game; you will lose because the damage from **Lightning Helix** reduces your life total to 0 before the life gain can occur.,10.521026372909546,True,
43,Medium,Legendary Rule,"If I have [[Sakashima the Impostor]] copying a [[Griselbrand]], do I have to sacrifice one to the Legend Rule?","No. Sakashima's ability specifically states that its name remains 'Sakashima the Impostor'. Since the names are different, the Legend Rule does not apply even if they are both Legendary and have the same abilities.",5,State-Based Actions (SBA),"You do not have to sacrifice either Sakashima the Impostor or Griselbrand to the Legend Rule, as they do not share the same name.",9.824868202209473,True,
44,Easy,SBA,"If two 2/2 creatures with [[First Strike]] block each other, do they both die?","Yes. Both deal damage in the first strike damage step simultaneously. Since both receive lethal damage, they are both destroyed at the same time during state-based actions.",5,State-Based Actions (SBA),"Consequently, both 2/2 creatures with First Strike will indeed die as a result of this combat interaction.",9.481935024261475,True,
45,Hard,SBA,I control [[Death's Shadow]] (normally 13/13) and I am at 13 life. My opponent casts [[Night of Souls' Betrayal]] (-1/-1 to all creatures). Does my Shadow die?,"Yes. At 13 life, Death's Shadow is a 0/0. When Night of Souls' Betrayal applies, it becomes a -1/-1. It is put into the graveyard for having 0 or less toughness before you have a chance to lose life and grow it.",5,State-Based Actions (SBA),"Therefore, **Death's Shadow** does not die; it remains on the battlefield as a 12/12 creature.",10.194612264633179,True,
46,Medium,Tokens,"If a creature token is returned to my hand by [[Unsummon]], can I cast it again?",No. A token that leaves the battlefield ceases to exist as a state-based action. It cannot be moved back to the battlefield or cast from any other zone.,5,State-Based Actions (SBA),"Yes, you can cast the creature token again after it has been returned to your hand by **Unsummon**.",6.826977968215942,True,
47,Easy,Counters,"If my creature has a +1/+1 counter and it gets a -1/-1 counter, what happens?","The counters cancel each other out. As a state-based action, if a permanent has both +1/+1 and -1/-1 counters, they are removed in pairs until only one type (or none) remains.",5,State-Based Actions (SBA),"In this case, the creature will have its +1/+1 and -1/-1 counters removed, resulting in it returning to its original power and toughness.",9.021010160446167,True,
48,Hard,Axioms / SBA,"I control a Saga with 3 lore counters, and its final chapter is III. My opponent casts [[Dress Down]] in response to the chapter trigger. Does the Saga stay or go?","It stays. Under Axiom 2 (Rule 704.5s), a Saga is sacrificed only if it has lore counters >= final chapter number AND it has chapter abilities. Dress Down removes the abilities, so the sacrifice condition is not met.",5,State-Based Actions (SBA),"The Saga is sacrificed because it has 3 lore counters, equal to its final chapter number, and retains its chapter abilities despite Dress Down's effect.",10.96681523323059,True,
49,Medium,SBA,"If I have no cards in library and I am forced to 'put the top card of your library into your graveyard', do I lose the game?",No. You only lose the game if you are required to DRAW a card from an empty library. Putting cards from library to graveyard (milling) is not drawing.,5,State-Based Actions (SBA),"You do not lose the game simply by being forced to ""put the top card of your library into your graveyard"" when your library is empty, as this action cannot be completed.",8.209347009658813,True,
50,Easy,Combat,Can I block a creature with [[Shadow]] using a normal creature?,"No. Creatures with shadow can only be blocked by other creatures with shadow, and they can only block creatures with shadow.",5,State-Based Actions (SBA),You cannot block a creature with shadow using a normal creature; only creatures with shadow can block it.,7.939144134521484,True,
51,Medium,Replacement,"If I have [[Leyline of the Void]] and my opponent's creature dies, do 'whenever a creature dies' abilities trigger?","No. Leyline of the Void is a replacement effect that says the card is exiled 'instead' of hitting the graveyard. Since the card never enters the graveyard, it never 'died' by definition.",6,Replacement Effects & Control,"Therefore, abilities that trigger ""whenever a creature dies"" will not trigger if Leyline of the Void is on the battlefield, as the creature is exiled instead of being placed in the graveyard.",7.93859076499939,True,
52,Hard,Replacement,I control [[Alms Collector]] and my opponent casts [[Ancestral Recall]] to draw 3 cards. How many do we each draw?,You each draw one card. Alms Collector replaces the 'draw 2 or more' event with 'you and that player each draw one instead'. The remaining card from Ancestral is lost.,6,Replacement Effects & Control,You and your opponent each draw one card due to Alms Collector's replacement effect modifying the instruction from Ancestral Recall.,7.228322982788086,True,
53,Medium,Control,"If I use [[Control Magic]] on my opponent's creature, and then Control Magic is destroyed, who gets the creature?","The creature returns to the control of the player who has the next most recent control effect, or its default owner if no other effects exist.",6,Replacement Effects & Control,"Thus, when Control Magic is destroyed, the creature returns to your opponent's control.",6.663506031036377,True,
54,Easy,Replacement,Does [[Doubling Season]] affect the loyalty counters a Planeswalker enters the battlefield with?,"Yes. Entering the battlefield with counters is considered 'placing' counters, so Doubling Season will double the starting loyalty.",6,Replacement Effects & Control,"Yes, **Doubling Season does affect the loyalty counters a planeswalker enters the battlefield with**, doubling the number of loyalty counters based on its printed loyalty number.",8.770203590393066,True,
55,Hard,Replacement,"If I have [[Doubling Season]] and I use a Planeswalker's [+1] ability, do I get two counters?","No. Doubling Season only affects effects. The loyalty increase for activating a Planeswalker's [+] ability is a cost, not an effect, so it is not doubled.",6,Replacement Effects & Control,"You will only receive one counter from the Planeswalker’s [+1] ability, as Doubling Season does not double counters added as a cost.",8.907748222351074,True,
56,Medium,Control,"I cast [[Bribery]] and put a creature from my opponent's deck into play. If that creature dies, whose graveyard does it go to?","It goes to its owner's graveyard (your opponent). A card can only ever exist in its owner's graveyard, hand, or library.",6,Replacement Effects & Control,"If the creature you put onto the battlefield with **Bribery** dies, it goes to your graveyard.",7.258363485336304,True,
57,Easy,Replacement,"If I have [[Rest in Peace]] in play, what happens to cards milled from a library?",They are exiled. Rest in Peace replaces any event where a card would be put into a graveyard from anywhere with exiling it instead.,6,Replacement Effects & Control,"When cards are milled from a library while Rest in Peace is in play, those cards are exiled instead of being placed into the graveyard.",7.132945775985718,True,
58,Hard,Control,"I control my opponent's creature with [[Threaten]]. Before the turn ends, I use [[Cloudshift]] on it. Who controls it when it returns?","You do, permanently. Cloudshift returns the card to the battlefield 'under your control'. This creates a new object with no expiration date, unlike Threaten.",6,Replacement Effects & Control,"When the creature returns to the battlefield after being exiled by **Cloudshift**, your opponent will control it.",9.244513273239136,True,
59,Medium,Replacement,"If I have [[Blightsteel Colossus]] and it is put into a graveyard, can I target it with [[Reanimate]] in response?","No. Blightsteel Colossus has a replacement effect ('If... would be put... instead'), not a triggered ability. It never hits the graveyard, so it is never a legal target for Reanimate.",6,Replacement Effects & Control,"You cannot target **Blightsteel Colossus** with **Reanimate** in response, as it will be shuffled into your library before it can be targeted.",10.442866086959839,True,
60,Medium,Control,"If my opponent controls my Commander and it dies, can I still choose to put it in the Command Zone?","Yes. The owner of the Commander (you) is the one who makes the choice to move it to the Command Zone when it changes zones, regardless of who controlled it.",6,Replacement Effects & Control,"Yes, you may choose to put your Commander into the Command Zone even if your opponent controls it when it dies.",9.146100044250488,True,
61,Easy,Commander,Can I include [[Noble Hierarch]] in a mono-green Commander deck?,"No. Noble Hierarch has blue and white mana symbols in its reminder text for Exalted, but it also has a mana ability that produces {G}, {W}, or {U}. The mana symbols in its rules text give it a color identity of Bant (Green, White, Blue).",7,Commander & Multiplayer,You cannot include **Noble Hierarch** in a mono-green Commander deck due to its color identity containing colors outside of green.,7.717763662338257,True,
62,Medium,Commander,"If my Commander is phased out by an effect like [[Oubliette]], can I choose to move it to the command zone?","No. Phasing is not a zone change. The permanent is treated as though it doesn't exist, but it hasn't 'left the battlefield', so the special action to move a Commander to the command zone does not trigger.",7,Commander & Multiplayer,"You cannot choose to move your Commander to the command zone while it is phased out by Oubliette, as it is treated as though it does not exist and is not in a zone that allows for such an action.",12.027933359146118,True,
63,Medium,Commander,"If I deal 21 damage to an opponent with a copy of their Commander, do they lose the game?","Yes. Commander damage is a property of the physical card itself. If you control a copy of a Commander that is a permanent, or the actual card, damage dealt by it counts toward the 21-point threshold for that specific Commander.",7,Commander & Multiplayer,"The opponent does not lose the game if you deal 21 damage to them with a copy of their Commander, as the copy does not count as the original commander for the purposes of the loss condition.",12.337114334106445,True,
64,Hard,Commander,"My Commander has a 'Dies' trigger. If I move it to the Command Zone instead of the graveyard, does it still trigger?","Yes. Under current rules, the Commander hits the graveyard first (triggering 'dies' effects) and then, as a state-based action, you may move it to the command zone.",7,Commander & Multiplayer,Your Commander's 'dies' trigger will not activate if you choose to move it to the command zone instead of allowing it to go to the graveyard.,9.431516170501709,True,
65,Easy,Commander,Does the 'Commander Tax' apply if I cast my Commander from my hand instead of the Command Zone?,No. The additional cost of {2} for each previous casting only applies when casting the Commander from the command zone.,7,Commander & Multiplayer,"Thus, the commander tax does not apply if you cast your Commander from your hand instead of the command zone.",9.02170205116272,True,
66,Medium,Commander,"If an opponent uses [[Chaos Warp]] on my Commander, can I put it in the Command Zone instead of shuffling it into my library?","Yes. If a Commander would be put into a library, its owner may choose to put it into the command zone instead. This is a replacement effect.",7,Commander & Multiplayer,"Yes, you may put your Commander into the Command Zone instead of shuffling it into your library when your opponent uses Chaos Warp on it.",6.649372339248657,True,
67,Hard,Commander,I control [[Lignify]] attached to an opponent's Commander. Does it still deal 'Commander Damage'?,"Yes. Being a Commander is an innate property of the card. Even if it loses all abilities and becomes a 0/4 Treefolk, any combat damage it deals is still tracked as Commander damage.",7,Commander & Multiplayer,"As a result, the Commander does not deal Commander damage while enchanted by Lignify, as it has lost the ability to do so.",8.490991115570068,True,
68,Easy,Commander,"In a Commander game, if a player is eliminated, what happens to the permanents they stole from other players?",Any effects giving the player control of those permanents end immediately. The permanents return to the control of the player who would otherwise control them.,7,Commander & Multiplayer,"When a player is eliminated from a Commander game, all permanents they control that were stolen from other players are exiled, as they are not owned by the departing player.",11.382716417312622,True,
69,Medium,Commander,Can I use [[Command Tower]] to produce mana in a deck where my Commander is [[Hope of Ghirapur]]?,"Command Tower produces mana of any color in your Commander's identity. Since Hope of Ghirapur is colorless, Command Tower produces no mana.",7,Commander & Multiplayer,You cannot use **Command Tower** to produce mana in a deck where your Commander is **Hope of Ghirapur**.,7.935552358627319,True,
70,Hard,Commander,"If my Commander is [[Silvos, Rogue Elemental]] and it is destroyed, can I regenerate it AND move it to the Command Zone?","No. If you regenerate it, it is never destroyed and never leaves the battlefield. Since it doesn't change zones, the option to move it to the command zone never occurs.",7,Commander & Multiplayer,"You cannot regenerate Silvos and move it to the command zone simultaneously; if you regenerate it, it remains on the battlefield and does not go to the graveyard.",9.178780317306519,True,
71,Medium,Copying,"If I use [[Clone]] to copy a creature that has a +1/+1 counter on it, does the Clone also get a counter?","No. Counters are not part of a card's copyable values. Clone only copies what is printed on the card (and other copy effects), not status, counters, or temporary buffs.",8,Copies & Transformations,"Thus, if you use Clone to copy a creature that has a +1/+1 counter on it, the Clone will enter as a copy of that creature but will not receive the +1/+1 counter.",10.411264419555664,True,
72,Hard,Copying,I use [[Phantasmal Image]] to copy a creature that is being affected by [[Giant Growth]]. What are the Image's stats?,The Image will have the base power and toughness of the creature. Temporary effects like +3/+3 from Giant Growth are not copyable values.,8,Copies & Transformations,"Phantasmal Image enters the battlefield as a copy of the target creature with the modified stats, resulting in it being a 5/5 if the original creature was a 2/2 affected by Giant Growth.",10.88839316368103,True,
73,Medium,Face-down,Can I look at my own face-down creatures created by [[Manifest]] or [[Morph]] at any time?,Yes. You may look at a face-down spell or permanent you control at any time.,8,Copies & Transformations,"Yes, you may look at your own face-down creatures created by manifest or morph at any time.",8.67012643814087,True,
74,Hard,Transform,"If I copy the front face of a transforming double-faced card like [[Delver of Secrets]], can the copy transform?",No. A copy of a transforming double-faced card cannot transform unless the copy itself is a double-faced card. Most tokens or clones will simply stay on the copied face.,8,Copies & Transformations,"Thus, a copy of the front face of [[Delver of Secrets]] cannot transform.",9.867913961410522,True,
75,Medium,Copying,"If I cast [[Rite of Replication]] kicked on a [[Gray Merchant of Asphodel]], do the tokens see each other for Devotion?","Yes. All tokens enter the battlefield simultaneously. When their triggered abilities go on the stack and resolve, they will count the black mana symbols of all tokens currently on the battlefield.",8,Copies & Transformations,"Yes, the tokens created by **Rite of Replication** do see each other for devotion, resulting in a total devotion equal to the number of Gray Merchants on the battlefield.",10.525772094726562,True,
76,Easy,Copying,"If I copy a spell on the stack, does the copy count as being 'cast' for abilities like Storm?","No. Copying a spell on the stack creates a copy directly on the stack. It is not 'cast', so it does not trigger abilities that look for spells being cast.",8,Copies & Transformations,"In conclusion, copies created by spells do not count as being ""cast"" for abilities like Storm, as they are placed on the stack rather than being cast themselves.",9.187766075134277,True,
77,Hard,Copying,I have [[Mirror Box]] and I copy my legendary Commander. What happens if Mirror Box is destroyed later?,The Legend Rule will apply immediately as a state-based action. You will have to choose one of the legendary permanents with the same name to keep and put the rest into the graveyard.,8,Copies & Transformations,"Upon the destruction of [[Mirror Box]], you must choose one of your legendary permanents with the same name to keep, and the other will be put into the graveyard due to the legend rule.",10.370731592178345,True,
78,Medium,Face-down,"If a face-down creature is destroyed, does it reveal what it was to all players?","Yes. When a face-down permanent leaves the battlefield, it is turned face up as it moves to the new zone (like the graveyard).",8,Copies & Transformations,"Yes, if a face-down creature is destroyed, it must be revealed to all players as it moves to the graveyard.",8.319759845733643,True,
79,Hard,Copying,I copy a [[Questing Beast]] with [[Alter Ego]]. Does the copy have the 'can't be countered' and 'enters with counters' abilities of Alter Ego?,The 'can't be countered' was part of the casting process. The copy effect is the Questing Beast plus a +1/+1 counter if paid. The counter becomes part of the object but is not a 'copyable value' for future clones.,8,Copies & Transformations,The copy of Questing Beast created by Alter Ego does not have the 'can't be countered' or 'enters with counters' abilities of Alter Ego.,10.85016417503357,True,
80,Medium,Copying,"If I copy a land that has been turned into a creature by [[Nissa, Who Shakes the World]], is the copy a creature?","No. The effect making the land a creature is a continuous effect, not a copyable value. The copy will just be a non-creature land.",8,Copies & Transformations,"Thus, if you copy a land that has been turned into a creature by Nissa, the copy will indeed be a creature.",9.018101215362549,True,
81,Medium,Costs,"If I cast [[Walking Ballista]] where X=3, what is its mana value on the stack?","On the stack, X counts as the chosen value. So for X=3, the mana value (CMC) is 3+3 = 6. In any other zone, X is considered 0.",9,Costs & X Spells,"Thus, the mana value of **Walking Ballista** on the stack is 6.",5.917290449142456,True,
82,Easy,Costs,Can I pay the [[Kicker]] cost of a spell if I am casting it for free via an effect?,"Yes. When casting a spell without paying its mana cost, you can still pay optional additional costs like Kicker or Buyback.",9,Costs & X Spells,You cannot pay the kicker cost of a spell if you are casting it for free via an effect.,10.13245701789856,True,
83,Hard,Costs,I have [[Trinisphere]] and I want to cast [[Force of Will]] by exiling a blue card. How much mana do I pay?,"You pay {3}. Trinisphere is applied after all other cost additions and subtractions. Since you are paying {0} via the alternative cost, Trinisphere sees that the cost is less than 3 and bumps it up to {3}.",9,Costs & X Spells,"You pay **0 mana** to cast **Force of Will** by exiling a blue card, as you are using its alternative cost.",10.108927488327026,True,
84,Medium,Costs,"If a spell has [[Convoke]], can I tap a creature with summoning sickness to help pay for it?",Yes. Convoke is not a tap ability of the creature ({T}). It is a way to pay the spell's cost. Summoning sickness only prevents attacking and abilities with the {T} or {Q} symbol.,9,Costs & X Spells,You cannot tap a creature with summoning sickness to help pay for a spell with convoke.,9.024358987808228,True,
85,Hard,Costs,I cast [[Chalice of the Void]] with X=0. What is its mana value while on the stack?,"On the stack, the mana value is 0+0 = 0. Chalice's CMC is always 2X while on the stack, and 0 everywhere else.",9,Costs & X Spells,"Thus, the mana value of **Chalice of the Void** while it is on the stack is 0.",6.296395778656006,True,
86,Easy,Costs,"If I cast a spell with [[Delve]], does exiling cards from my graveyard change the spell's mana value?",No. Delve is an alternative way to pay the mana cost. The mana value (CMC) is determined by the symbols printed in the top right corner of the card.,9,Costs & X Spells,Exiling cards from your graveyard to cast a spell with delve does not change the spell's mana value; it remains as printed on the card.,8.881067037582397,True,
87,Medium,Costs,Can I cast a spell for its [[Overload]] cost if an effect lets me cast it 'without paying its mana cost'?,No. Overload is an alternative cost. You can only apply one alternative cost to a spell. 'Without paying its mana cost' is already an alternative cost.,9,Costs & X Spells,You cannot cast a spell for its Overload cost if an effect allows you to cast it without paying its mana cost.,7.18870210647583,True,
88,Hard,Costs,"I control [[Lodestone Golem]] ({1} more for non-artifact spells). If I cast a non-artifact spell with [[Delve]], can I exile a card to pay for the Golem's tax?","Yes. Delve allows you to exile cards to pay for any part of the generic mana cost, including additional costs or taxes like the one from Lodestone Golem.",9,Costs & X Spells,"Yes, you can exile cards to pay for the Golem's tax when casting a non-artifact spell with Delve, as the additional cost is part of the total cost that Delve allows you to reduce.",11.708579540252686,True,
89,Medium,Costs,"If I cast [[Ancestral Vision]] from my hand, do I have to pay {0}?",Ancestral Vision has no mana cost (it is unpayable). You cannot cast it normally from your hand; you must use its Suspend ability or an effect that lets you cast it without paying its mana cost.,9,Costs & X Spells,You must pay {U} to cast Ancestral Vision from your hand; you cannot cast it for {0}.,8.783618927001953,True,
90,Hard,Costs,"If I have [[Jet Medallion]] (black spells cost {1} less) and I cast a black spell with X in its cost, does the reduction apply to X?","Yes. You first choose the value for X, calculate the total cost, and then apply reductions. The Medallion will reduce the total amount of generic mana you have to pay by {1}.",9,Costs & X Spells,The reduction from Jet Medallion does not apply to the value of X; it only reduces the total cost of the spell after you have chosen a value for X.,8.340839862823486,True,
91,Hard,Layers,I control [[Humility]] and my opponent plays [[Opalescence]]. What is the power and toughness of other non-aura enchantments?,"This is a Layer 7b interaction. Both effects apply in the same sublayer. They are applied in timestamp order. If Humility entered the battlefield last, all other non-aura enchantments are 1/1 creatures. If Opalescence entered last, their P/T is equal to their mana value.",10,Elite Interactions (Pro Level),"The power and toughness of all other non-Aura enchantments, including Opalescence, is 1/1.",8.609476089477539,True,
92,Hard,Dependencies,"I have [[Blood Moon]] and my opponent has [[Urborg, Tomb of Yawgmoth]] in play. Are lands Swamps?","No. There is a dependency in Layer 4. Blood Moon's effect changes Urborg's type to Mountain, which removes its ability to make lands Swamps. Therefore, Urborg's effect is never applied, and lands remain their basic types or Mountains.",10,Elite Interactions (Pro Level),"Consequently, under the influence of Blood Moon, lands are not Swamps; they are Mountains instead.",12.636319160461426,True,
93,Hard,Continuous Effects,"If I cast [[Dress Down]] during my opponent's end step, when does it get sacrificed?","It will be sacrificed at the beginning of the next player's end step (your turn). Since 'at the beginning of the end step' triggers occur at the very start of that phase, casting it during the phase means the trigger for the current turn has already passed.",10,Elite Interactions (Pro Level),"Dress Down will be sacrificed at the beginning of the end step of the turn in which it was cast, after its triggered ability has resolved.",6.913862705230713,True,
94,Hard,Axioms / Sagas,"If I use [[Power Terrace]] to give my [[Urza's Saga]] +1/+1 (making it a creature) and then I play [[Blood Moon]], is it still a creature?","No. Blood Moon turns the land into a Mountain in Layer 4 and it loses all abilities. Since the effect making it a creature was tied to it being a Saga/Enchantment with specific abilities that are now gone, it ceases to be a creature and becomes a non-basic Mountain.",10,Elite Interactions (Pro Level),"**Urza's Saga remains a creature after Blood Moon is played, retaining its +1/+1 from Power Terrace, but it is now a Mountain.**",10.227911710739136,True,
95,Hard,Replacement Effects,I have [[Doubling Season]] and I cast a creature with [[Sunburst]]. Are the counters doubled?,"Yes. Sunburst is a replacement effect that modifies how the permanent enters the battlefield ('enters with...'). Doubling Season interacts with any effect that places counters as a permanent enters, so it doubles the sunburst counters.",10,Elite Interactions (Pro Level),"Yes, the counters are indeed doubled; if you cast a creature with Sunburst and spent three colors of mana, it will enter the battlefield with six counters due to Doubling Season.",8.65540361404419,True,
96,Hard,Time-Travel / Teferi,"My opponent has [[Teferi, Time Raveler]]. I have a spell with [[Suspend]] that has its last counter removed during my upkeep. Can I cast it?","No. Suspend triggers during the upkeep and instructs you to cast the spell. However, Teferi's static ability restricts you to casting spells only when you could cast a sorcery (Main phase, empty stack). Since it is the upkeep, the spell remains in exile.",10,Elite Interactions (Pro Level),"You cannot cast the spell with Suspend during your upkeep if it is not a sorcery, due to Teferi, Time Raveler's restriction on casting spells.",9.850217342376709,True,
97,Hard,Triggers,"If I control [[Elesh Norn, Mother of Machines]] and my opponent's [[Ashen Rider]] dies, does its ability trigger twice?","No. Elesh Norn only doubles triggers that occur when a permanent ENTERS the battlefield. Ashen Rider's ability is a 'leaves the battlefield' (dies) trigger, so it only triggers once as normal.",10,Elite Interactions (Pro Level),"Thus, Ashen Rider's ability triggers only once when it dies, as Elesh Norn does not influence abilities of permanents controlled by your opponent.",8.036452531814575,True,
98,Hard,Control,"If I use [[Sudden Substitution]] to swap a creature I control for an opponent's spell, and that spell has [[Storm]], who gets the Storm copies?","The opponent (the original caster) still controls the Storm trigger. Storm triggers when the spell is cast. Even if you gain control of the original spell, the trigger on the stack is still controlled by the player who cast it, and they will get the copies.",10,Elite Interactions (Pro Level),"You, as the new controller of the spell with Storm, will receive all the Storm copies created when that spell resolves.",8.620335817337036,True,
99,Hard,Layers / Copy,"I have a [[Magus of the Moon]] that is being affected by [[Lignify]]. If I copy it with [[Clone]], what is the Clone?","The Clone is a full [[Magus of the Moon]]. It will have the ability 'Nonbasic lands are Mountains'. Lignify's effect (making it a 0/4 Treefolk) is a continuous effect applied in Layer 6, which is not part of the card's copyable values.",10,Elite Interactions (Pro Level),"Thus, the Clone enters the battlefield as a 0/4 Treefolk with no abilities, mirroring the state of the Magus of the Moon under the effect of Lignify.",10.40284776687622,True,
100,Hard,Winning the Game,I have [[Abyssal Persecutor]] and my opponent is at -10 life. I cast [[Fractured Identity]] on my Persecutor. Who wins?,"The game continues. Each of your opponents receives a copy of Abyssal Persecutor. Since YOU are now the only player who doesn't control one, you are the only one who 'can't win', while your opponents 'can't lose' due to the copies they now control.",10,Elite Interactions (Pro Level),"Your opponent does not lose the game, and you cannot win the game while controlling the Abyssal Persecutor or its copies; thus, the game continues indefinitely in a state of stasis.",11.087478160858154,True,
